Workbook

Sheet Leia-me
A1: Automação de Relatório Gerencial — Setor Saúde
A2: Base de dados de apoio ao case (dados fictícios para fins ilustrativos de portfólio)
A4: Objetivo desta pasta de trabalho
A5: Esta pasta de trabalho simula o cenário descrito no case: 8 unidades de saúde enviando relatórios mensais em formatos, nomenclaturas e granularidades diferentes, que precisam ser padronizados antes de alimentar o modelo de Power BI.
A7: Estrutura das abas
A8: • Unidade_01_Bruto, Unidade_02_Bruto, Unidade_03_Bruto: amostras do formato original recebido de cada unidade, antes da padronização (colunas, nomenclaturas e formatos de data diferentes entre si).
A9: • Base_Padronizada: resultado do processo de padronização, com as 8 unidades e os 12 meses de 2025 já no schema único usado para alimentar o Power BI (é esta a aba a ser conectada no Power Query).
A10: • Indicadores_Consolidados: painel de indicadores por unidade, calculado com fórmulas a partir da Base_Padronizada (SUMIFS/AVERAGEIFS), no mesmo espírito do relatório gerencial final.
A12: Como isso se conecta ao case
A13: As abas *_Bruto ilustram o problema ("ciclo manual e repetitivo, formatos divergentes entre 8+ unidades"). A aba Base_Padronizada ilustra a solução ("padronização de nomenclaturas e formatos", "modelo replicável"). O arquivo .sql anexo mostra a mesma padronização feita em banco de dados, para os casos em que a fonte é um sistema transacional em vez de planilhas.
A15: Aviso
A16: Os dados numéricos são gerados aleatoriamente e não representam nenhum cliente real. Servem apenas para demonstrar a estrutura, o fluxo de padronização e o modelo de indicadores.

Sheet Unidade_01_Bruto
A1: UNIDADE 01 - CENTRO (arquivo recebido da unidade, layout original)
A3: Mês | B3: Qtde Atend. | C3: Fat. Bruto (R$) | D3: Glosa (R$)
A4: jan/25 | B4: 2654 | C4: 594508.45 | D4: 25797.29
A5: fev/25 | B5: 2405 | C5: 444365.97 | D5: 19160.3
A6: mar/25 | B6: 2677 | C6: 576279.13 | D6: 37663.26
A7: abr/25 | B7: 2631 | C7: 539030.65 | D7: 47128.95
A8: mai/25 | B8: 2779 | C8: 859101.52 | D8: 63387.87
A9: jun/25 | B9: 2887 | C9: 805366.64 | D9: 65800.4
A10: jul/25 | B10: 2424 | C10: 467266.52 | D10: 20544.52
A11: ago/25 | B11: 2504 | C11: 534656.9 | D11: 24604.2
A12: set/25 | B12: 2531 | C12: 521751.47 | D12: 27531.43
A13: out/25 | B13: 2787 | C13: 847693.88 | D13: 37080.58
A14: nov/25 | B14: 2776 | C14: 888927.44 | D14: 43451.37
A15: dez/25 | B15: 2510 | C15: 550845.61 | D15: 35079
A17: Observação: unidade não reporta custo operacional, ocupação nem tempo médio neste formato.

Sheet Unidade_02_Bruto
A1: UNIDADE 02 (arquivo recebido da unidade, layout original)
A3: Competencia | B3: Atendimentos | C3: Receita | D3: Custos | E3: Ocupacao (%)
A4: 01/2025 | B4: 1412 | C4: 479523.7 | D4: 272020.75 | E4: 59.8
A5: 02/2025 | B5: 1479 | C5: 366119.93 | D5: 227912.46 | E5: 95.9
A6: 03/2025 | B6: 1571 | C6: 285665.87 | D6: 194117.09 | E6: 78.4
A7: 04/2025 | B7: 1365 | C7: 340652.73 | D7: 249093.8 | E7: 91.3
A8: 05/2025 | B8: 1346 | C8: 438823.53 | D8: 266236.21 | E8: 82.3
A9: 06/2025 | B9: 1451 | C9: 386402.24 | D9: 251457.9 | E9: 58
A10: 07/2025 | B10: 1359 | C10: 435689.29 | D10: 265085.43 | E10: 60.2
A11: 08/2025 | B11: 1426 | C11: 367563.58 | D11: 255278.2 | E11: 87.1
A12: 09/2025 | B12: 1403 | C12: 312039.91 | D12: 196708.78 | E12: 66
A13: 10/2025 | B13: 1399 | C13: 321594.57 | D13: 216586.49 | E13: 74.6
A14: 11/2025 | B14: 1353 | C14: 316728.76 | D14: 188048.77 | E14: 66.4
A15: 12/2025 | B15: 1383 | C15: 449291.34 | D15: 253159 | E15: 67
A17: Observação: unidade não reporta glosas nem tempo médio de atendimento neste formato.

Sheet Unidade_03_Bruto
A1: UNIDADE 03 (arquivo recebido da unidade, layout original)
A3: Data Referência | B3: Nº Consultas | C3: Faturamento Bruto | D3: Valor Glosas | E3: Custo Operacional | F3: Tempo Médio (min)
A4: 45658 | B4: 1842 | C4: 607274.76 | D4: 39025.05 | E4: 388538.94 | F4: 39
A5: 45689 | B5: 1719 | C5: 427976.32 | D5: 23716.19 | E5: 273363.32 | F5: 35.5
A6: 45717 | B6: 1949 | C6: 476373.42 | D6: 23989.29 | E6: 339996.18 | F6: 22.9
A7: 45748 | B7: 1867 | C7: 419267.01 | D7: 18862.15 | E7: 304144.87 | F7: 40.4
A8: 45778 | B8: 1812 | C8: 615871.97 | D8: 49369.32 | E8: 452117.33 | F8: 40.1
A9: 45809 | B9: 1909 | C9: 408906.98 | D9: 22106.5 | E9: 229454.36 | F9: 43.6
A10: 45839 | B10: 1891 | C10: 478047.33 | D10: 26474.48 | E10: 349878.23 | F10: 32.4
A11: 45870 | B11: 1885 | C11: 428787.08 | D11: 37785.82 | E11: 283018.45 | F11: 37.4
A12: 45901 | B12: 1783 | C12: 464393.16 | D12: 37691.63 | E12: 269307.27 | F12: 20.1
A13: 45931 | B13: 1825 | C13: 525662.07 | D13: 23188.13 | E13: 301087.91 | F13: 24.4
A14: 45962 | B14: 2072 | C14: 511941.44 | D14: 33286.61 | E14: 332418.28 | F14: 23.3
A15: 45992 | B15: 1904 | C15: 463292.2 | D15: 32570.1 | E15: 281218.11 | F15: 37.5
A17: Observação: unidade não reporta taxa de ocupação neste formato.

Sheet Base_Padronizada
A1: Base padronizada — pronta para conexão no Power Query / Power BI
A3: Unidade | B3: Competência | C3: Ano | D3: Mês | E3: Atendimentos Realizados | F3: Receita Bruta (R$) | G3: Glosas (R$) | H3: Custo Operacional (R$) | I3: Taxa de Ocupação (%) | J3: Tempo Médio de Atendimento (min)
A4: Unidade 01 | B4: 45658 | C4: 2025 | D4: Janeiro | E4: 2654 | F4: 594508.45 | G4: 25797.29 | H4: 410168.94 | I4: 0.837 | J4: 41.2
A5: Unidade 01 | B5: 45689 | C5: 2025 | D5: Fevereiro | E5: 2405 | F5: 444365.97 | G5: 19160.3 | H5: 287068.2 | I5: 0.59 | J5: 23.2
A6: Unidade 01 | B6: 45717 | C6: 2025 | D6: Março | E6: 2677 | F6: 576279.13 | G6: 37663.26 | H6: 405580.52 | I6: 0.582 | J6: 39
A7: Unidade 01 | B7: 45748 | C7: 2025 | D7: Abril | E7: 2631 | F7: 539030.65 | G7: 47128.95 | H7: 330939.47 | I7: 0.615 | J7: 20.5
A8: Unidade 01 | B8: 45778 | C8: 2025 | D8: Maio | E8: 2779 | F8: 859101.52 | G8: 63387.87 | H8: 560033.97 | I8: 0.95 | J8: 27.8
A9: Unidade 01 | B9: 45809 | C9: 2025 | D9: Junho | E9: 2887 | F9: 805366.64 | G9: 65800.4 | H9: 531297.88 | I9: 0.848 | J9: 19.2
A10: Unidade 01 | B10: 45839 | C10: 2025 | D10: Julho | E10: 2424 | F10: 467266.52 | G10: 20544.52 | H10: 265963.56 | I10: 0.686 | J10: 34.5
A11: Unidade 01 | B11: 45870 | C11: 2025 | D11: Agosto | E11: 2504 | F11: 534656.9 | G11: 24604.2 | H11: 389211.17 | I11: 0.826 | J11: 33.8
A12: Unidade 01 | B12: 45901 | C12: 2025 | D12: Setembro | E12: 2531 | F12: 521751.47 | G12: 27531.43 | H12: 385057.51 | I12: 0.823 | J12: 32.5
A13: Unidade 01 | B13: 45931 | C13: 2025 | D13: Outubro | E13: 2787 | F13: 847693.88 | G13: 37080.58 | H13: 471401.76 | I13: 0.7 | J13: 25
A14: Unidade 01 | B14: 45962 | C14: 2025 | D14: Novembro | E14: 2776 | F14: 888927.44 | G14: 43451.37 | H14: 599611.2 | I14: 0.73 | J14: 41.8
A15: Unidade 01 | B15: 45992 | C15: 2025 | D15: Dezembro | E15: 2510 | F15: 550845.61 | G15: 35079 | H15: 330463.8 | I15: 0.802 | J15: 41.3
... A99: Unidade 08 | B99: 45992 | C99: 2025 | D99: Dezembro | E99: 2526 | F99: 545893.71 | G99: 33492.95 | H99: 346968.81 | I99: 0.748 | J99: 40.4

Sheet Indicadores_Consolidados
A1: Indicadores consolidados por unidade — calculados a partir de Base_Padronizada
A3: Unidade | B3: Total Atendimentos | C3: Receita Bruta Total (R$) | D3: Glosas Total (R$) | E3: % Glosa sobre Receita | F3: Custo Total (R$) | G3: Margem (R$) | H3: Ocupação Média (%) | I3: Tempo Médio (min)
A4: Unidade 01 | B4: =SUMIFS(Base_Padronizada!$E$4:$E$99,Base_Padronizada!$A$4:$A$99,$A4) -> 31565 | C4: =SUMIFS(Base_Padronizada!$F$4:$F$99,Base_Padronizada!$A$4:$A$99,$A4) -> 7629794.2 | D4: =SUMIFS(Base_Padronizada!$G$4:$G$99,Base_Padronizada!$A$4:$A$99,$A4) -> 447229.17 | E4: =IFERROR(D4/C4,0) -> 0.058616151 | F4: =SUMIFS(Base_Padronizada!$H$4:$H$99,Base_Padronizada!$A$4:$A$99,$A4) -> 4966798 | G4: =C4-F4 -> 2662996.2 | H4: =AVERAGEIFS(Base_Padronizada!$I$4:$I$99,Base_Padronizada!$A$4:$A$99,$A4) -> 0.74908333 | I4: =AVERAGEIFS(Base_Padronizada!$J$4:$J$99,Base_Padronizada!$A$4:$A$99,$A4) -> 31.65
A5: Unidade 02 | B5: =SUMIFS(Base_Padronizada!$E$4:$E$99,Base_Padronizada!$A$4:$A$99,$A5) -> 16947 | C5: =SUMIFS(Base_Padronizada!$F$4:$F$99,Base_Padronizada!$A$4:$A$99,$A5) -> 4500095.5 | D5: =SUMIFS(Base_Padronizada!$G$4:$G$99,Base_Padronizada!$A$4:$A$99,$A5) -> 306814.11 | E5: =IFERROR(D5/C5,0) -> 0.068179467 | F5: =SUMIFS(Base_Padronizada!$H$4:$H$99,Base_Padronizada!$A$4:$A$99,$A5) -> 2835704.9 | G5: =C5-F5 -> 1664390.6 | H5: =AVERAGEIFS(Base_Padronizada!$I$4:$I$99,Base_Padronizada!$A$4:$A$99,$A5) -> 0.73916667 | I5: =AVERAGEIFS(Base_Padronizada!$J$4:$J$99,Base_Padronizada!$A$4:$A$99,$A5) -> 28.616667
A6: Unidade 03 | B6: =SUMIFS(Base_Padronizada!$E$4:$E$99,Base_Padronizada!$A$4:$A$99,$A6) -> 22458 | C6: =SUMIFS(Base_Padronizada!$F$4:$F$99,Base_Padronizada!$A$4:$A$99,$A6) -> 5827793.7 | D6: =SUMIFS(Base_Padronizada!$G$4:$G$99,Base_Padronizada!$A$4:$A$99,$A6) -> 368065.27 | E6: =IFERROR(D6/C6,0) -> 0.06315688 | F6: =SUMIFS(Base_Padronizada!$H$4:$H$99,Base_Padronizada!$A$4:$A$99,$A6) -> 3804543.2 | G6: =C6-F6 -> 2023250.5 | H6: =AVERAGEIFS(Base_Padronizada!$I$4:$I$99,Base_Padronizada!$A$4:$A$99,$A6) -> 0.83791667 | I6: =AVERAGEIFS(Base_Padronizada!$J$4:$J$99,Base_Padronizada!$A$4:$A$99,$A6) -> 33.05
A7: Unidade 04 | B7: =SUMIFS(Base_Padronizada!$E$4:$E$99,Base_Padronizada!$A$4:$A$99,$A7) -> 39316 | C7: =SUMIFS(Base_Padronizada!$F$4:$F$99,Base_Padronizada!$A$4:$A$99,$A7) -> 10404711 | D7: =SUMIFS(Base_Padronizada!$G$4:$G$99,Base_Padronizada!$A$4:$A$99,$A7) -> 512986.46 | E7: =IFERROR(D7/C7,0) -> 0.049303289 | F7: =SUMIFS(Base_Padronizada!$H$4:$H$99,Base_Padronizada!$A$4:$A$99,$A7) -> 6468266.8 | G7: =C7-F7 -> 3936443.9 | H7: =AVERAGEIFS(Base_Padronizada!$I$4:$I$99,Base_Padronizada!$A$4:$A$99,$A7) -> 0.80558333 | I7: =AVERAGEIFS(Base_Padronizada!$J$4:$J$99,Base_Padronizada!$A$4:$A$99,$A7) -> 36.558333
A8: Unidade 05 | B8: =SUMIFS(Base_Padronizada!$E$4:$E$99,Base_Padronizada!$A$4:$A$99,$A8) -> 13107 | C8: =SUMIFS(Base_Padronizada!$F$4:$F$99,Base_Padronizada!$A$4:$A$99,$A8) -> 3361233.7 | D8: =SUMIFS(Base_Padronizada!$G$4:$G$99,Base_Padronizada!$A$4:$A$99,$A8) -> 195824.21 | E8: =IFERROR(D8/C8,0) -> 0.058259624 | F8: =SUMIFS(Base_Padronizada!$H$4:$H$99,Base_Padronizada!$A$4:$A$99,$A8) -> 2174638.3 | G8: =C8-F8 -> 1186595.3 | H8: =AVERAGEIFS(Base_Padronizada!$I$4:$I$99,Base_Padronizada!$A$4:$A$99,$A8) -> 0.81833333 | I8: =AVERAGEIFS(Base_Padronizada!$J$4:$J$99,Base_Padronizada!$A$4:$A$99,$A8) -> 29.6
A9: Unidade 06 | B9: =SUMIFS(Base_Padronizada!$E$4:$E$99,Base_Padronizada!$A$4:$A$99,$A9) -> 24266 | C9: =SUMIFS(Base_Padronizada!$F$4:$F$99,Base_Padronizada!$A$4:$A$99,$A9) -> 6678312 | D9: =SUMIFS(Base_Padronizada!$G$4:$G$99,Base_Padronizada!$A$4:$A$99,$A9) -> 415144.25 | E9: =IFERROR(D9/C9,0) -> 0.062163051 | F9: =SUMIFS(Base_Padronizada!$H$4:$H$99,Base_Padronizada!$A$4:$A$99,$A9) -> 4199187.8 | G9: =C9-F9 -> 2479124.1 | H9: =AVERAGEIFS(Base_Padronizada!$I$4:$I$99,Base_Padronizada!$A$4:$A$99,$A9) -> 0.73891667 | I9: =AVERAGEIFS(Base_Padronizada!$J$4:$J$99,Base_Padronizada!$A$4:$A$99,$A9) -> 32.85
A10: Unidade 07 | B10: =SUMIFS(Base_Padronizada!$E$4:$E$99,Base_Padronizada!$A$4:$A$99,$A10) -> 11170 | C10: =SUMIFS(Base_Padronizada!$F$4:$F$99,Base_Padronizada!$A$4:$A$99,$A10) -> 2992465.8 | D10: =SUMIFS(Base_Padronizada!$G$4:$G$99,Base_Padronizada!$A$4:$A$99,$A10) -> 163092.12 | E10: =IFERROR(D10/C10,0) -> 0.054500914 | F10: =SUMIFS(Base_Padronizada!$H$4:$H$99,Base_Padronizada!$A$4:$A$99,$A10) -> 1912301.2 | G10: =C10-F10 -> 1080164.6 | H10: =AVERAGEIFS(Base_Padronizada!$I$4:$I$99,Base_Padronizada!$A$4:$A$99,$A10) -> 0.78966667 | I10: =AVERAGEIFS(Base_Padronizada!$J$4:$J$99,Base_Padronizada!$A$4:$A$99,$A10) -> 29.766667
A11: Unidade 08 | B11: =SUMIFS(Base_Padronizada!$E$4:$E$99,Base_Padronizada!$A$4:$A$99,$A11) -> 29129 | C11: =SUMIFS(Base_Padronizada!$F$4:$F$99,Base_Padronizada!$A$4:$A$99,$A11) -> 7680248.1 | D11: =SUMIFS(Base_Padronizada!$G$4:$G$99,Base_Padronizada!$A$4:$A$99,$A11) -> 423675.47 | E11: =IFERROR(D11/C11,0) -> 0.055164295 | F11: =SUMIFS(Base_Padronizada!$H$4:$H$99,Base_Padronizada!$A$4:$A$99,$A11) -> 4893398.7 | G11: =C11-F11 -> 2786849.3 | H11: =AVERAGEIFS(Base_Padronizada!$I$4:$I$99,Base_Padronizada!$A$4:$A$99,$A11) -> 0.73233333 | I11: =AVERAGEIFS(Base_Padronizada!$J$4:$J$99,Base_Padronizada!$A$4:$A$99,$A11) -> 29.358333
A12: TOTAL / MÉDIA GERAL | B12: =SUM(B4:B11) -> 187958 | C12: =SUM(C4:C11) -> 49074654 | D12: =SUM(D4:D11) -> 2832831.1 | E12: =IFERROR(D12/C12,0) -> 0.057724932 | F12: =SUM(F4:F11) -> 31254839 | G12: =C12-F12 -> 17819814 | H12: =AVERAGE(H4:H11) -> 0.776375 | I12: =AVERAGE(I4:I11) -> 31.43125
